Melizzano,Campania,41.1125078,14.8454619
Sant'Omobono Terme,Lombardy,45.47906709999999,9.8452433
Furore,Campania,41.1125078,14.8454619
Santa Marina Salina,Sicily,37.3979297,14.6587821
Rimini,Emilia-Romagna,44.5967607,11.2186396
San Mauro a Mare,Emilia-Romagna,44.5967607,11.2186396
Sorrento,Campania,41.1125078,14.8454619
Val Liona,Veneto,45.76233329999999,11.690976
Montebenichi,Toscana,43.5671153,10.9807003
Viale San Pancrazio n.46,Sicilia,37.3979297,14.6587821
Scorzè,Veneto,45.76233329999999,11.690976
Taormina,Sicily,37.3979297,14.6587821
Suna,Piemonte,45.0522366,7.5153885
Piazza Tasso 34,Campania,41.1125078,14.8454619
Riva del Garda,Trentino-South Tyrol,46.4336662,11.1693296
Paestum,Campania,41.1125078,14.8454619
Castelnuovo Berardenga,Tuscany,43.5671153,10.9807003
Milan,Lombardy,45.47906709999999,9.8452433
Naples,Campania,41.1125078,14.8454619
Moena,Trentino-South Tyrol,46.4336662,11.1693296
Fiera di Primiero,Trentino-South Tyrol,46.4336662,11.1693296
Via Dei Mulini 23,Campania,41.1125078,14.8454619
Telese,Campania,41.1125078,14.8454619
Induno Olona,Lombardy,45.47906709999999,9.8452433
Positano,Campania,41.1125078,14.8454619
Pesaro,Marche,43.462735,13.3587288
Spirano,Lombardy,45.47906709999999,9.8452433
Villandro,Trentino-South Tyrol,46.4336662,11.1693296
Santa Reparata,Sardegna,40.1208752,9.012892599999999
La Morra,Piedmont,45.0522366,7.5153885
Minervino Murge,Apulia,40.7928393,17.1011931
Spoleto,Umbria,42.938004,12.6216211
Gaiole in Chianti,Tuscany,43.5671153,10.9807003
Oneglia,Liguria,44.419658,8.528161299999999
Rivodutri,Lazio,41.6552418,12.989615
Vico Equense,Campania,41.1125078,14.8454619
Marina di Massa,Tuscany,43.5671153,10.9807003
Terranova di Pollino,Basilicata,40.6430766,15.9699878
Loro Ciuffenna,Tuscany,43.5671153,10.9807003
Oviglio,Piedmont,45.0522366,7.5153885
Fagnano Olona,Lombardy,45.47906709999999,9.8452433
Salò,Lombardy,45.47906709999999,9.8452433
Issengo,Trentino-South Tyrol,46.4336662,11.1693296
Mariano del Friuli,Friuli-Venezia Giulia,46.2259177,13.1033646
Verona,Veneto,45.76233329999999,11.690976
Florence,Tuscany,43.5671153,10.9807003
Pacentro,Abruzzo,42.1920119,13.7289167
Cuneo,Piedmont,45.0522366,7.5153885
Modena,Emilia-Romagna,44.5967607,11.2186396
Portoscuso,Sardinia,40.1208752,9.012892599999999
Gsies,Trentino-South Tyrol,46.4336662,11.1693296
Piazza Ognissanti 1,Toscana,43.5671153,10.9807003
Marostica,Veneto,45.76233329999999,11.690976
Courmayeur,Aosta Valley,45.7388878,7.426186599999999
Vigano,Lombardy,45.47906709999999,9.8452433
Palermo,Sicily,37.3979297,14.6587821
Moncalieri,Piedmont,45.0522366,7.5153885
Milazzo,Sicily,37.3979297,14.6587821
Ponte dell'Olio,Emilia-Romagna,44.5967607,11.2186396
Viareggio,Tuscany,43.5671153,10.9807003
Marina di San Vito,Abruzzo,42.1920119,13.7289167
Isola Vulcano,Sicily,37.3979297,14.6587821
Rome,Lazio,41.6552418,12.989615
Monticelli d'Ongina,Emilia-Romagna,44.5967607,11.2186396
Padenghe sul Garda,Lombardy,45.47906709999999,9.8452433
Manerba del Garda,Lombardy,45.47906709999999,9.8452433
Miane,Veneto,45.76233329999999,11.690976
San Vigilio di Marebbe,Trentino-South Tyrol,46.4336662,11.1693296
Fagagna,Friuli-Venezia Giulia,46.2259177,13.1033646
Caprarola,Lazio,41.6552418,12.989615
Baldichieri d'Asti,Piedmont,45.0522366,7.5153885
Caserta,Campania,41.1125078,14.8454619
Frascati,Lazio,41.6552418,12.989615
Campobasso,Molise,41.67388649999999,14.7520939
Codigoro,Emilia-Romagna,44.5967607,11.2186396
Borgonovo Val Tidone,Emilia-Romagna,44.5967607,11.2186396
Bologna,Emilia-Romagna,44.5967607,11.2186396
Nettuno,Lazio,41.6552418,12.989615
Genoa,Liguria,44.419658,8.528161299999999
Canelli,Piedmont,45.0522366,7.5153885
Catania,Sicily,37.3979297,14.6587821
Ravarino,Emilia-Romagna,44.5967607,11.2186396
Baveno,Piedmont,45.0522366,7.5153885
Torbole,Trentino-South Tyrol,46.4336662,11.1693296
Lapio,Campania,41.1125078,14.8454619
Asolo,Veneto,45.76233329999999,11.690976
Alessandria,Piedmont,45.0522366,7.5153885
Cernobbio,Lombardy,45.47906709999999,9.8452433
Carovigno,Apulia,40.7928393,17.1011931
Prato,Tuscany,43.5671153,10.9807003
San Bartolomeo al Mare,Liguria,44.419658,8.528161299999999
Terracina,Lazio,41.6552418,12.989615
Castelbello,Trentino-South Tyrol,46.4336662,11.1693296
Venosa,Basilicata,40.6430766,15.9699878
Praiano,Campania,41.1125078,14.8454619
Calamandrana,Piedmont,45.0522366,7.5153885
Via G. Capriglione 147,Campania,41.1125078,14.8454619
Corso Vittorio Emanuele 135,Campania,41.1125078,14.8454619
Capri,Campania,41.1125078,14.8454619
Moggiona,Tuscany,43.5671153,10.9807003
Stresa,Piedmont,45.0522366,7.5153885
Castiglione del Lago,Umbria,42.938004,12.6216211
Offanengo,Lombardy,45.47906709999999,9.8452433
Santa Maria della Versa,Lombardy,45.47906709999999,9.8452433
Podenzano,Emilia-Romagna,44.5967607,11.2186396
Portofino,Liguria,44.419658,8.528161299999999
La Spezia,Liguria,44.419658,8.528161299999999
Capolona,Tuscany,43.5671153,10.9807003
Novara,Piedmont,45.0522366,7.5153885
Pralboino,Lombardia,45.47906709999999,9.8452433
Via Croce 11-15,Sicilia,37.3979297,14.6587821
Alba,Piedmont,45.0522366,7.5153885
Umbertide,Umbria,42.938004,12.6216211
Turin,Piedmont,45.0522366,7.5153885
Pescara,Abruzzo,42.1920119,13.7289167
Oltressenda Alta,Lombardy,45.47906709999999,9.8452433
Cervesina,Lombardy,45.47906709999999,9.8452433
Noceto,Emilia-Romagna,44.5967607,11.2186396
Matera,Basilicata,40.6430766,15.9699878
Cagliari,Sardinia,40.1208752,9.012892599999999
Cesenatico,Emilia-Romagna,44.5967607,11.2186396
Trescore Balneario,Lombardy,45.47906709999999,9.8452433
Bibbiena,Tuscany,43.5671153,10.9807003
Marina di Casal Velino,Campania,41.1125078,14.8454619
Popoli,Abruzzo,42.1920119,13.7289167
Castiglione della Pescaia,Tuscany,43.5671153,10.9807003
Gragnano,Campania,41.1125078,14.8454619
Perugia,Umbria,42.938004,12.6216211
Polignano a Mare,Apulia,40.7928393,17.1011931
Gattinara,Piedmont,45.0522366,7.5153885
Savogna d'Isonzo,Friuli-Venezia Giulia,46.2259177,13.1033646
Gambolò,Lombardy,45.47906709999999,9.8452433
Lavagna,Liguria,44.419658,8.528161299999999
Origgio,Lombardy,45.47906709999999,9.8452433
Lecce,Apulia,40.7928393,17.1011931
Valmontone,Lazio,41.6552418,12.989615
Sarche di Madruzzo,Trentino-Alto Adige,46.4336662,11.1693296
Pomezia,Lazio,41.6552418,12.989615
Marina del Cantone,Campania,41.1125078,14.8454619
Gavi,Piedmont,45.0522366,7.5153885
Lezzeno,Lombardy,45.47906709999999,9.8452433
Fondo,Trentino-South Tyrol,46.4336662,11.1693296
Fiumicino,Lazio,41.6552418,12.989615
Fano,Marche,43.462735,13.3587288
San Michele,Veneto,45.76233329999999,11.690976
Montopoli in Val d'Arno,Toscana,43.5671153,10.9807003
Casteggio,Lombardy,45.47906709999999,9.8452433
Forio,Campania,41.1125078,14.8454619
Lenna,Lombardy,45.47906709999999,9.8452433
Riola Sardo,Sardinia,40.1208752,9.012892599999999
Grottammare,Marche,43.462735,13.3587288
Mestre,Veneto,45.76233329999999,11.690976
Brennero,Trentino-South Tyrol,46.4336662,11.1693296
San Benedetto del Tronto,Marche,43.462735,13.3587288
Pozzolo Formigaro,Piedmont,45.0522366,7.5153885
San Marzano di San Giuseppe,Apulia,40.7928393,17.1011931
Castiglione delle Stiviere,Lombardy,45.47906709999999,9.8452433
Sutri,Lazio,41.6552418,12.989615
Marina di Ragusa,Sicily,37.3979297,14.6587821
Cefalu,Sicily,37.3979297,14.6587821
Castiglione Falletto,Piedmont,45.0522366,7.5153885
Civitanova Marche,Marche,43.462735,13.3587288
Arma di Taggia,Liguria,44.419658,8.528161299999999
Portonovo,Marche,43.462735,13.3587288
Brescia,Lombardy,45.47906709999999,9.8452433
Acuto,Lazio,41.6552418,12.989615
Cogne,Aosta Valley,45.7388878,7.426186599999999
Venice,Veneto,45.76233329999999,11.690976
Breuil Cervinia,Aosta Valley,45.7388878,7.426186599999999
Belluno,Veneto,45.76233329999999,11.690976
Capodacqua,Abruzzo,42.1920119,13.7289167
Baia Sardinia,Sardinia,40.1208752,9.012892599999999
Tivoli,Lazio,41.6552418,12.989615
Kiens,Trentino-South Tyrol,46.4336662,11.1693296
Marina Di Campo,Toscana,43.5671153,10.9807003
Soprabolzano,Trentino-South Tyrol,46.4336662,11.1693296
Rodengo Saiano,Lombardy,45.47906709999999,9.8452433
Pordenone,Friuli-Venezia Giulia,46.2259177,13.1033646
Passignano sul Trasimeno,Umbria,42.938004,12.6216211
Castel di Sangro,Abruzzo,42.1920119,13.7289167
Assisi,Umbria,42.938004,12.6216211
Sauris,Friuli-Venezia Giulia,46.2259177,13.1033646
Marina di Gioiosa Ionica,Calabria,39.3087714,16.3463791
Albiate,Lombardy,45.47906709999999,9.8452433
Santa Cristina d'Aspromonte,Calabria,39.3087714,16.3463791
Colle di Val d'Elsa,Tuscany,43.5671153,10.9807003
Padua,Veneto,45.76233329999999,11.690976
Rivoli,Piedmont,45.0522366,7.5153885
Nola,Campania,41.1125078,14.8454619
Pietra Ligure,Liguria,44.419658,8.528161299999999
Porto Cervo,Sardinia,40.1208752,9.012892599999999
Mortegliano,Friuli-Venezia Giulia,46.2259177,13.1033646
Col San Martino,Veneto,45.76233329999999,11.690976
Pantelleria,Sicily,37.3979297,14.6587821
Fontanafredda,Friuli-Venezia Giulia,46.2259177,13.1033646
Quistello,Lombardy,45.47906709999999,9.8452433
Senigallia,Marche,43.462735,13.3587288
Località Sbarcatello,Tuscany,43.5671153,10.9807003
Ventimiglia,Liguria,44.419658,8.528161299999999
Cioccaro,Piemonte,45.0522366,7.5153885
Porto Ercole,Tuscany,43.5671153,10.9807003
Paderno del Grappa,Veneto,45.76233329999999,11.690976
Andria,Apulia,40.7928393,17.1011931
Canale,Trentino-South Tyrol,46.4336662,11.1693296
Bari,Apulia,40.7928393,17.1011931
Biella,Piedmont,45.0522366,7.5153885
Canale d'Agordo,Veneto,45.76233329999999,11.690976
Bergamo,Lombardy,45.47906709999999,9.8452433
Verbania,Piedmont,45.0522366,7.5153885
Bolzano,Trentino-South Tyrol,46.4336662,11.1693296
Castellammare del Golfo,Sicily,37.3979297,14.6587821
Castel del Piano,Tuscany,43.5671153,10.9807003
Ariano Irpino,Campania,41.1125078,14.8454619
Cortina d'Ampezzo,Veneto,45.76233329999999,11.690976
Altomonte,Calabria,39.3087714,16.3463791
San Quirico d'Orcia,Tuscany,43.5671153,10.9807003
Aosta,Aosta Valley,45.7388878,7.426186599999999
Brusaporto,Lombardy,45.47906709999999,9.8452433
Priocca,Piedmont,45.0522366,7.5153885
Monopoli,Apulia,40.7928393,17.1011931
San Zeno di Montagna,Veneto,45.76233329999999,11.690976
Mantua,Lombardy,45.47906709999999,9.8452433
Mantello,Lombardy,45.47906709999999,9.8452433
Crispiano,Apulia,40.7928393,17.1011931
Fara Filiorum Petri,Abruzzo,42.1920119,13.7289167
Carloforte,Sardinia,40.1208752,9.012892599999999
Orta San Giulio,Piedmont,45.0522366,7.5153885
San Vito lo Capo,Sicily,37.3979297,14.6587821
Cervia,Emilia-Romagna,44.5967607,11.2186396
Ravalle,Emilia-Romagna,44.5967607,11.2186396
Revigliasco,Piemonte,45.0522366,7.5153885
Romano d'Ezzelino,Veneto,45.76233329999999,11.690976
Ossana,Trentino-South Tyrol,46.4336662,11.1693296
Corrubbio,Veneto,45.76233329999999,11.690976
Tortona,Piedmont,45.0522366,7.5153885
Bolzone,Lombardia,45.47906709999999,9.8452433
Puos d'Alpago,Veneto,45.76233329999999,11.690976
Toscolano-Maderno,Lombardy,45.47906709999999,9.8452433
Marciana Marina,Tuscany,43.5671153,10.9807003
Eboli,Campania,41.1125078,14.8454619
Carrara,Tuscany,43.5671153,10.9807003
Zafferana Etnea,Sicily,37.3979297,14.6587821
Finalborgo,Liguria,44.419658,8.528161299999999
Soriso,Piemonte,45.0522366,7.5153885
Piacenza,Emilia-Romagna,44.5967607,11.2186396
Archi,Abruzzo,42.1920119,13.7289167
Canazei,Trentino-Alto Adige,46.4336662,11.1693296
Sandrigo,Veneto,45.76233329999999,11.690976
Anacapri,Campania,41.1125078,14.8454619
Latina,Lazio,41.6552418,12.989615
Termoli,Molise,41.67388649999999,14.7520939
Castellina in Chianti,Tuscany,43.5671153,10.9807003
Marina di Cecina,Tuscany,43.5671153,10.9807003
Asiago,Veneto,45.76233329999999,11.690976
Rubbianino,Emilia-Romagna,44.5967607,11.2186396
Palazzolo Acreide,Sicily,37.3979297,14.6587821
Roccaraso,Abruzzo,42.1920119,13.7289167
Merano,Trentino-South Tyrol,46.4336662,11.1693296
Marina di Pietrasanta,Tuscany,43.5671153,10.9807003
Bobbio,Emilia-Romagna,44.5967607,11.2186396
Lucca,Tuscany,43.5671153,10.9807003
Montecarlo,Tuscany,43.5671153,10.9807003
Montoggio,Liguria,44.419658,8.528161299999999
Roletto,Piemonte,45.0522366,7.5153885
Pollone,Piedmont,45.0522366,7.5153885
Piobesi d'Alba,Piedmont,45.0522366,7.5153885
Marotta,Marche,43.462735,13.3587288
Tavagnacco,Friuli-Venezia Giulia,46.2259177,13.1033646
Orbetello,Tuscany,43.5671153,10.9807003
Pitigliano,Tuscany,43.5671153,10.9807003
Syracuse,Sicily,37.3979297,14.6587821
Isola d'Asti,Piedmont,45.0522366,7.5153885
Fondi,Lazio,41.6552418,12.989615
Pinerolo,Piedmont,45.0522366,7.5153885
Grosseto,Tuscany,43.5671153,10.9807003
San Giovanni in Persiceto,Emilia-Romagna,44.5967607,11.2186396
Monticelli Brusati,Lombardia,45.47906709999999,9.8452433
Barcuzzi,Lombardy,45.47906709999999,9.8452433
Ranco,Lombardy,45.47906709999999,9.8452433
Marina di Pulsano,Puglia,40.7928393,17.1011931
Sansepolcro,Tuscany,43.5671153,10.9807003
Putignano,Apulia,40.7928393,17.1011931
Santa Vittoria d'Alba,Piemonte,45.0522366,7.5153885
Orbassano,Piedmont,45.0522366,7.5153885
Sappada,Friuli-Venezia Giulia,46.2259177,13.1033646
Tricesimo,Friuli-Venezia Giulia,46.2259177,13.1033646
Rubano,Veneto,45.76233329999999,11.690976
Barate,Lombardia,45.47906709999999,9.8452433
San Severo,Apulia,40.7928393,17.1011931
Norcia,Umbria,42.938004,12.6216211
Montecchio Precalcino,Veneto,45.76233329999999,11.690976
San Marzano Oliveto,Piedmont,45.0522366,7.5153885
Clusane d'Iseo,Lombardy,45.47906709999999,9.8452433
Pozza di Fassa,Trentino-South Tyrol,46.4336662,11.1693296
Pizzo,Calabria,39.3087714,16.3463791
Licata,Sicily,37.3979297,14.6587821
Via Cesare Battisti 12,Piemonte,45.0522366,7.5153885
Polesine Parmense,Emilia-Romagna,44.5967607,11.2186396
Gallarate,Lombardy,45.47906709999999,9.8452433
Sasso Marconi,Emilia-Romagna,44.5967607,11.2186396
Pizzighettone,Lombardia,45.47906709999999,9.8452433
San Miniato,Tuscany,43.5671153,10.9807003
Godia,Friuli-Venezia Giulia,46.2259177,13.1033646
Masio,Piemonte,45.0522366,7.5153885
Pozzolengo,Lombardia,45.47906709999999,9.8452433
Sondrio,Lombardy,45.47906709999999,9.8452433
Galliate,Piemonte,45.0522366,7.5153885
Villa San Giovanni,Calabria,39.3087714,16.3463791
Vallo della Lucania,Campania,41.1125078,14.8454619
Paradiso di Pocenia,Friuli-Venezia Giulia,46.2259177,13.1033646
Palau,Sardinia,40.1208752,9.012892599999999
Pastrengo,Veneto,45.76233329999999,11.690976
Gargnano,Lombardy,45.47906709999999,9.8452433
Lampedusa,Sicily,37.3979297,14.6587821
Palmi,Calabria,39.3087714,16.3463791
Crema,Lombardy,45.47906709999999,9.8452433
Traversella,Piedmont,45.0522366,7.5153885
Mirano,Veneto,45.76233329999999,11.690976
San Maurizio Canavese,Piemonte,45.0522366,7.5153885
Quarto d'Altino,Veneto,45.76233329999999,11.690976
Osio Sotto,Lombardy,45.47906709999999,9.8452433
Palazzolo sull'Oglio,Lombardy,45.47906709999999,9.8452433
Montefalco,Umbria,42.938004,12.6216211
Serravalle Pistoiese,Tuscany,43.5671153,10.9807003
San Severino Marche,Marche,43.462735,13.3587288
Campagnola Cremasca,Lombardy,45.47906709999999,9.8452433
Feltre,Veneto,45.76233329999999,11.690976
Delebio,Lombardia,45.47906709999999,9.8452433
Montefiorino,Emilia-Romagna,44.5967607,11.2186396
San Polo d'Enza,Emilia-Romagna,44.5967607,11.2186396
Follina,Veneto,45.76233329999999,11.690976
Monza,Lombardy,45.47906709999999,9.8452433
Varese,Lombardy,45.47906709999999,9.8452433
Forte dei Marmi,Tuscany,43.5671153,10.9807003
Sant'Agata sui Due Golfi,Campania,41.1125078,14.8454619
Cetara,Campania,41.1125078,14.8454619
Alghero,Sardinia,40.1208752,9.012892599999999
Reggio Emilia,Emilia-Romagna,44.5967607,11.2186396
Savona,Liguria,44.419658,8.528161299999999
Civitella Casanova,Abruzzo,42.1920119,13.7289167
Argelato,Emilia-Romagna,44.5967607,11.2186396
Trevinano,Lazio,41.6552418,12.989615
Chiavari,Liguria,44.419658,8.528161299999999
Rottofreno,Emilia-Romagna,44.5967607,11.2186396
Bellinzago Lombardo,Lombardy,45.47906709999999,9.8452433
Collebeato,Lombardy,45.47906709999999,9.8452433
Borgoricco,Veneto,45.76233329999999,11.690976
Vignola,Emilia-Romagna,44.5967607,11.2186396
Torgiano,Umbria,42.938004,12.6216211
Brindisi,Apulia,40.7928393,17.1011931
Chiaramonte Gulfi,Sicily,37.3979297,14.6587821
Dolcedo,Liguria,44.419658,8.528161299999999
Casanova di Terricciola,Tuscany,43.5671153,10.9807003
Bagnolo in Piano,Emilia-Romagna,44.5967607,11.2186396
Brione,Lombardia,45.47906709999999,9.8452433
Almè,Lombardia,45.47906709999999,9.8452433
Cervere,Piedmont,45.0522366,7.5153885
Clusone,Lombardy,45.47906709999999,9.8452433
Romeno,Trentino-South Tyrol,46.4336662,11.1693296
Sirmione,Lombardy,45.47906709999999,9.8452433
Rubiera,Emilia-Romagna,44.5967607,11.2186396
Varenna,Lombardia,45.47906709999999,9.8452433
Trani,Apulia,40.7928393,17.1011931
Montoro,Campania,41.1125078,14.8454619
Baronissi,Campania,41.1125078,14.8454619
Amalfi,Campania,41.1125078,14.8454619
Piombino,Tuscany,43.5671153,10.9807003
Nibbiaia,Tuscany,43.5671153,10.9807003
Montichiari,Lombardy,45.47906709999999,9.8452433
Framura,Liguria,44.419658,8.528161299999999
San Giovanni in Fiore,Calabria,39.3087714,16.3463791
Noto,Sicily,37.3979297,14.6587821
Fosdinovo,Tuscany,43.5671153,10.9807003
Maiori,Campania,41.1125078,14.8454619
Strongoli,Calabria,39.3087714,16.3463791
Offida,Marche,43.462735,13.3587288
Caravaggio,Lombardy,45.47906709999999,9.8452433
Fasano,Apulia,40.7928393,17.1011931
Ugento,Apulia,40.7928393,17.1011931
Caiolo,Lombardy,45.47906709999999,9.8452433
Ponte,Campania,41.1125078,14.8454619
Senorbì,Sardinia,40.1208752,9.012892599999999
Trieste,Friuli-Venezia Giulia,46.2259177,13.1033646
Gaione,Emilia-Romagna,44.5967607,11.2186396
Treiso,Piemonte,45.0522366,7.5153885
Otranto,Apulia,40.7928393,17.1011931
Moltrasio,Lombardy,45.47906709999999,9.8452433
Nova Levante,Trentino-Alto Adige,46.4336662,11.1693296
Pieve di Coriano,Lombardy,45.47906709999999,9.8452433
Treviso,Veneto,45.76233329999999,11.690976
Apricena,Apulia,40.7928393,17.1011931
Tavernerio,Lombardy,45.47906709999999,9.8452433
Pisa,Tuscany,43.5671153,10.9807003
Salerno,Campania,41.1125078,14.8454619
Mariano Comense,Lombardy,45.47906709999999,9.8452433
Olgiate Olona,Lombardy,45.47906709999999,9.8452433
Celle Ligure,Liguria,44.419658,8.528161299999999
Monforte d'Alba,Piedmont,45.0522366,7.5153885
Arco,Trentino-South Tyrol,46.4336662,11.1693296
Toblach,Trentino-Alto Adige,46.4336662,11.1693296
Vernante,Piedmont,45.0522366,7.5153885
Capoterra,Sardinia,40.1208752,9.012892599999999
Genazzano,Lazio,41.6552418,12.989615
Pula,Sardinia,40.1208752,9.012892599999999
Santa Teresa Gallura,Sardinia,40.1208752,9.012892599999999
Montepulciano,Tuscany,43.5671153,10.9807003
Colognola ai Colli,Veneto,45.76233329999999,11.690976
San Cassiano,Trentino-South Tyrol,46.4336662,11.1693296
Cornaredo,Lombardy,45.47906709999999,9.8452433
Torano Nuovo,Abruzzo,42.1920119,13.7289167
Ariccia,Lazio,41.6552418,12.989615
Ostuni,Apulia,40.7928393,17.1011931
Corvara in Badia,Trentino-South Tyrol,46.4336662,11.1693296
Arborea,Sardegna,40.1208752,9.012892599999999
Selva di Val Gardena,Trentino-Alto Adige,46.4336662,11.1693296
Bevagna,Umbria,42.938004,12.6216211
Coloreto,Emilia-Romagna,44.5967607,11.2186396
Civitella del Tronto,Abruzzo,42.1920119,13.7289167
Anzola dell'Emilia,Emilia-Romagna,44.5967607,11.2186396
Cartosio,Piedmont,45.0522366,7.5153885
Abano Terme,Veneto,45.76233329999999,11.690976
Località San Felice,Tuscany,43.5671153,10.9807003
Carsoli,Abruzzo,42.1920119,13.7289167
Capri Leone,Sicily,37.3979297,14.6587821
Barletta,Apulia,40.7928393,17.1011931
Bagnara Calabra,Calabria,39.3087714,16.3463791
Cavernago,Lombardy,45.47906709999999,9.8452433
Termini Imerese,Sicily,37.3979297,14.6587821
San Michele al Tagliamento,Veneto,45.76233329999999,11.690976
Nizza Monferrato,Piedmont,45.0522366,7.5153885
Santa Maria di Sala,Veneto,45.76233329999999,11.690976
Santa Maria Annunziata,Toscana,43.5671153,10.9807003
Monfalcone,Friuli-Venezia Giulia,46.2259177,13.1033646
Massa Lubrense,Campania,41.1125078,14.8454619
Desenzano del Garda,Lombardy,45.47906709999999,9.8452433
Isola di Capo Rizzuto,Calabria,39.3087714,16.3463791
Grottaferrata,Lazio,41.6552418,12.989615
Pontelongo,Veneto,45.76233329999999,11.690976
Sizzano,Piedmont,45.0522366,7.5153885
Alserio,Lombardy,45.47906709999999,9.8452433
Saturnia,Tuscany,43.5671153,10.9807003
Longiano,Emilia-Romagna,44.5967607,11.2186396
Monterosso al Mare,Liguria,44.419658,8.528161299999999
Ortisei,Trentino-South Tyrol,46.4336662,11.1693296
Pescocostanzo,Abruzzo,42.1920119,13.7289167
Ruda,Friuli-Venezia Giulia,46.2259177,13.1033646
Rivisondoli,Abruzzo,42.1920119,13.7289167
Olbia,Sardinia,40.1208752,9.012892599999999
Ospedaletto d'Alpinolo,Campania,41.1125078,14.8454619
Brenzone sul Garda,Veneto,45.76233329999999,11.690976
Cermes,Trentino-South Tyrol,46.4336662,11.1693296
Borghetto di Borbera,Piedmont,45.0522366,7.5153885
Carnello,Lazio,41.6552418,12.989615
Bra,Piedmont,45.0522366,7.5153885
Castelbianco,Liguria,44.419658,8.528161299999999
Borgomanero,Piedmont,45.0522366,7.5153885
Carpaneto Piacentino,Emilia-Romagna,44.5967607,11.2186396
Castelnovo di Sotto,Emilia-Romagna,44.5967607,11.2186396
Moretta,Piedmont,45.0522366,7.5153885
Pieve Ligure,Liguria,44.419658,8.528161299999999
Borgonato,Lombardia,45.47906709999999,9.8452433
Peschici,Apulia,40.7928393,17.1011931
Cavi di Lavagna,Liguria,44.419658,8.528161299999999
Cusago,Lombardy,45.47906709999999,9.8452433
Illasi,Veneto,45.76233329999999,11.690976
Rivergaro,Emilia-Romagna,44.5967607,11.2186396
Parma,Emilia-Romagna,44.5967607,11.2186396
Trecchina,Basilicata,40.6430766,15.9699878
Ponte a Moriano,Toscana,43.5671153,10.9807003
Venaria Reale,Piedmont,45.0522366,7.5153885
Viceno,Piedmont,45.0522366,7.5153885
Faenza,Emilia-Romagna,44.5967607,11.2186396
Lignano Sabbiadoro,Friuli-Venezia Giulia,46.2259177,13.1033646
Capannori,Tuscany,43.5671153,10.9807003
Panzano,Tuscany,43.5671153,10.9807003
Sarentino,Trentino-South Tyrol,46.4336662,11.1693296
Viale Pasitea 318,Campania,41.1125078,14.8454619
Andora,Liguria,44.419658,8.528161299999999
Magliano Alfieri,Piedmont,45.0522366,7.5153885
San Quirino,Friuli-Venezia Giulia,46.2259177,13.1033646
Badia,Trentino-South Tyrol,46.4336662,11.1693296
Vieste,Apulia,40.7928393,17.1011931
Porto San Giorgio,Marche,43.462735,13.3587288
Altamura,Apulia,40.7928393,17.1011931
Adria,Veneto,45.76233329999999,11.690976
Torno,Lombardy,45.47906709999999,9.8452433
Bardolino,Veneto,45.76233329999999,11.690976
Brufa,Umbria,42.938004,12.6216211
Borgio Verezzi,Liguria,44.419658,8.528161299999999
Baschi,Umbria,42.938004,12.6216211
Raveo,Friuli-Venezia Giulia,46.2259177,13.1033646
Cortona,Tuscany,43.5671153,10.9807003
Isola Dovarese,Lombardy,45.47906709999999,9.8452433
Cavaglià,Piedmont,45.0522366,7.5153885
Bagno di Romagna,Emilia-Romagna,44.5967607,11.2186396
Briaglia,Piemonte,45.0522366,7.5153885
San Gimignano,Tuscany,43.5671153,10.9807003
Calvisano,Lombardy,45.47906709999999,9.8452433
Brez,Trentino-South Tyrol,46.4336662,11.1693296
Adrara San Martino,Lombardy,45.47906709999999,9.8452433
Castellammare di Stabia,Campania,41.1125078,14.8454619
Castelfranco Veneto,Veneto,45.76233329999999,11.690976
Arezzo,Tuscany,43.5671153,10.9807003
Calestano,Emilia-Romagna,44.5967607,11.2186396
Chiusdino,Tuscany,43.5671153,10.9807003
Caramanico Terme,Abruzzo,42.1920119,13.7289167
Torbiato,Lombardia,45.47906709999999,9.8452433
Castel Gandolfo,Lazio,41.6552418,12.989615
Strada Col Alt 105,Trentino-Alto Adige,46.4336662,11.1693296
San Donato in Poggio,Toscana,43.5671153,10.9807003
Gabicce Monte,Marche,43.462735,13.3587288
Ischia,Campania,41.1125078,14.8454619
Sestri Ponente,Liguria,44.419658,8.528161299999999
Modica,Sicily,37.3979297,14.6587821
Malo,Veneto,45.76233329999999,11.690976
Palazzo San Gervasio,Basilicata,40.6430766,15.9699878
Contrada Portelle sn,Abruzzo,42.1920119,13.7289167
Pompei,Campania,41.1125078,14.8454619
Carpi,Emilia-Romagna,44.5967607,11.2186396
Grazie,Lombardy,45.47906709999999,9.8452433
Monsummano Terme,Tuscany,43.5671153,10.9807003
Vello,Lombardia,45.47906709999999,9.8452433
Valmadrera,Lombardy,45.47906709999999,9.8452433
Tigliole,Piedmont,45.0522366,7.5153885
Mosciano Sant'Angelo,Abruzzo,42.1920119,13.7289167
Giudecca 10,Veneto,45.76233329999999,11.690976
Pietrasanta,Tuscany,43.5671153,10.9807003
Crandola Valsassina,Lombardy,45.47906709999999,9.8452433
Somma Lombardo,Lombardy,45.47906709999999,9.8452433
Marano Lagunare,Friuli-Venezia Giulia,46.2259177,13.1033646
Postal,Trentino-South Tyrol,46.4336662,11.1693296
Sestri Levante,Liguria,44.419658,8.528161299999999
Brunico,Trentino-South Tyrol,46.4336662,11.1693296
Santarcangelo di Romagna,Emilia-Romagna,44.5967607,11.2186396
Forlì,Emilia-Romagna,44.5967607,11.2186396
Marzocca,Marche,43.462735,13.3587288
Castelvetro di Modena,Emilia-Romagna,44.5967607,11.2186396
Mornago,Lombardy,45.47906709999999,9.8452433
Trento,Trentino-South Tyrol,46.4336662,11.1693296
Castel Maggiore,Emilia-Romagna,44.5967607,11.2186396
Montepagano,Abruzzo,42.1920119,13.7289167
Galluzzo,Toscana,43.5671153,10.9807003
Lesina,Apulia,40.7928393,17.1011931
Stromboli,Sicily,37.3979297,14.6587821
Levizzano Rangone,Emilia-Romagna,44.5967607,11.2186396
Novafeltria,Emilia-Romagna,44.5967607,11.2186396
Lido di Camaiore,Tuscany,43.5671153,10.9807003
Montone,Umbria,42.938004,12.6216211
Manciano,Tuscany,43.5671153,10.9807003
Ferrara,Emilia-Romagna,44.5967607,11.2186396
Lipari,Sicily,37.3979297,14.6587821
Lesa,Piedmont,45.0522366,7.5153885
Torriana,Emilia-Romagna,44.5967607,11.2186396
Algund,Trentino-South Tyrol,46.4336662,11.1693296
Livigno,Lombardy,45.47906709999999,9.8452433
Sarre,Aosta Valley,45.7388878,7.426186599999999
Ravello,Campania,41.1125078,14.8454619
Terni,Umbria,42.938004,12.6216211
Trebaseleghe,Veneto,45.76233329999999,11.690976
Rho,Lombardy,45.47906709999999,9.8452433
Esine,Lombardy,45.47906709999999,9.8452433
Busto Arsizio,Lombardy,45.47906709999999,9.8452433
Bolgheri,Tuscany,43.5671153,10.9807003
Brusson,Aosta Valley,45.7388878,7.426186599999999
Ravenna,Emilia-Romagna,44.5967607,11.2186396
Brixen,Trentino-South Tyrol,46.4336662,11.1693296
Città della Pieve,Umbria,42.938004,12.6216211
Campogalliano,Emilia-Romagna,44.5967607,11.2186396
Atrani,Campania,41.1125078,14.8454619
Agrigento,Sicily,37.3979297,14.6587821
Rende,Calabria,39.3087714,16.3463791
Sienna,Tuscany,43.5671153,10.9807003
Conversano,Apulia,40.7928393,17.1011931
Bassano del Grappa,Veneto,45.76233329999999,11.690976
Noventa Padovana,Veneto,45.76233329999999,11.690976
Lomazzo,Lombardy,45.47906709999999,9.8452433
Cerretto Langhe,Piedmont,45.0522366,7.5153885
Chiusi,Tuscany,43.5671153,10.9807003
Corciano,Umbria,42.938004,12.6216211
Costermano,Veneto,45.76233329999999,11.690976
Corte de' Cortesi,Lombardy,45.47906709999999,9.8452433
Cecina,Tuscany,43.5671153,10.9807003
Alassio,Liguria,44.419658,8.528161299999999
Aci Castello,Sicily,37.3979297,14.6587821
Bracca,Lombardy,45.47906709999999,9.8452433
Anterivo,Trentino-South Tyrol,46.4336662,11.1693296
Giarre,Sicily,37.3979297,14.6587821
Porto San Paolo,Sardegna,40.1208752,9.012892599999999
Oggiono,Lombardy,45.47906709999999,9.8452433
Macerata,Marche,43.462735,13.3587288
Oliena,Sardinia,40.1208752,9.012892599999999
Este,Veneto,45.76233329999999,11.690976
Piazza d'Azeglio 1,Toscana,43.5671153,10.9807003
Via Di Porta Pinciana 14,Lazio,41.6552418,12.989615
Colle,Tuscany,43.5671153,10.9807003
Poggiridenti,Lombardy,45.47906709999999,9.8452433
Castelletto di Brenzone,Veneto,45.76233329999999,11.690976
Gaeta,Lazio,41.6552418,12.989615
Chioggia,Veneto,45.76233329999999,11.690976
Albenga,Liguria,44.419658,8.528161299999999
Candia Canavese,Piedmont,45.0522366,7.5153885
Castelbuono,Sicily,37.3979297,14.6587821
Almenno San Bartolomeo,Lombardy,45.47906709999999,9.8452433
Bordighera,Liguria,44.419658,8.528161299999999
Bellagio,Lombardy,45.47906709999999,9.8452433
Spinetta Marengo,Piedmont,45.0522366,7.5153885
Caldogno,Veneto,45.76233329999999,11.690976
Sala Baganza,Emilia-Romagna,44.5967607,11.2186396
Pedraces,Trentino-South Tyrol,46.4336662,11.1693296
Lama Mocogno,Emilia-Romagna,44.5967607,11.2186396
Pergine Valsugana,Trentino-South Tyrol,46.4336662,11.1693296
Saint Lorenzen,Trentino-South Tyrol,46.4336662,11.1693296
San Remo,Liguria,44.419658,8.528161299999999
Appignano,Marche,43.462735,13.3587288
Passignano,Umbria,42.938004,12.6216211
Limone sul Garda,Lombardy,45.47906709999999,9.8452433
Crotone,Calabria,39.3087714,16.3463791
Somma Vesuviana,Campania,41.1125078,14.8454619
Montaldo Scarampi,Piedmont,45.0522366,7.5153885
Menfi,Sicily,37.3979297,14.6587821
San Felice del Benaco,Lombardy,45.47906709999999,9.8452433
Foiana,Trentino-Alto Adige,46.4336662,11.1693296
Moirago,Lombardia,45.47906709999999,9.8452433
Pagazzano,Lombardy,45.47906709999999,9.8452433
Via Indipendenza 69,Emilia-Romagna,44.5967607,11.2186396
Fiorano Modenese,Emilia-Romagna,44.5967607,11.2186396
Via Regina Elena 28,Puglia,40.7928393,17.1011931
Albairate,Lombardy,45.47906709999999,9.8452433
Madonna di Campiglio,Trentino-Alto Adige,46.4336662,11.1693296
Asola,Lombardy,45.47906709999999,9.8452433
Volterra,Tuscany,43.5671153,10.9807003
Negrar,Veneto,45.76233329999999,11.690976
Castelfranco Emilia,Emilia-Romagna,44.5967607,11.2186396
Pudiano,Lombardia,45.47906709999999,9.8452433
Massa,Tuscany,43.5671153,10.9807003
Salsomaggiore Terme,Emilia-Romagna,44.5967607,11.2186396
Montemarciano,Marche,43.462735,13.3587288
San Bonifacio,Veneto,45.76233329999999,11.690976
Rognano,Lombardy,45.47906709999999,9.8452433
Malcesine,Veneto,45.76233329999999,11.690976
Torre del Greco,Campania,41.1125078,14.8454619
San Giorgio della Richinvelda,Friuli-Venezia Giulia,46.2259177,13.1033646
Porto Azzurro,Tuscany,43.5671153,10.9807003
San Salvo Marina,Abruzzo,42.1920119,13.7289167
Tavarnelle Val di Pesa,Tuscany,43.5671153,10.9807003
Nals,Trentino-South Tyrol,46.4336662,11.1693296
Capolago,Lombardia,45.47906709999999,9.8452433
Montescudaio,Tuscany,43.5671153,10.9807003
Zelarino,Veneto,45.76233329999999,11.690976
Orvieto,Umbria,42.938004,12.6216211
Sernaglia della Battaglia,Veneto,45.76233329999999,11.690976
Oderzo,Veneto,45.76233329999999,11.690976
Lacco Ameno,Campania,41.1125078,14.8454619
Manoppello Scalo,Abruzzo,42.1920119,13.7289167
Marina di Bibbona,Tuscany,43.5671153,10.9807003
Salgareda,Veneto,45.76233329999999,11.690976
Piazza Armerina,Sicilia,37.3979297,14.6587821
Galeata,Emilia-Romagna,44.5967607,11.2186396
Varigotti,Liguria,44.419658,8.528161299999999
Ovada,Piedmont,45.0522366,7.5153885
Morimondo,Lombardy,45.47906709999999,9.8452433
Monastier di Treviso,Veneto,45.76233329999999,11.690976
Cherasco,Piedmont,45.0522366,7.5153885
Caluso,Piedmont,45.0522366,7.5153885
Appiano Gentile,Lombardia,45.47906709999999,9.8452433
Cagli,Marche,43.462735,13.3587288
Sesto San Giovanni,Lombardy,45.47906709999999,9.8452433
Savigno,Emilia-Romagna,44.5967607,11.2186396
Concesio,Lombardy,45.47906709999999,9.8452433
Castrocaro Terme,Emilia-Romagna,44.5967607,11.2186396
Torre del Lago Puccini,Tuscany,43.5671153,10.9807003
Montrigiasco,Piemonte,45.0522366,7.5153885
Via del Vantaggio 14,Lazio,41.6552418,12.989615
Morgex,Aosta Valley,45.7388878,7.426186599999999
Ruffano,Apulia,40.7928393,17.1011931
Suzzara,Lombardy,45.47906709999999,9.8452433
Mondovì,Piedmont,45.0522366,7.5153885
Sulmona,Abruzzo,42.1920119,13.7289167
Catanzaro,Calabria,39.3087714,16.3463791
Castel Mella,Lombardy,45.47906709999999,9.8452433
Fornace,Trentino-South Tyrol,46.4336662,11.1693296
Manduria,Apulia,40.7928393,17.1011931
San Giorgio di Valpolicella,Veneto,45.76233329999999,11.690976
Asti,Piedmont,45.0522366,7.5153885
Caprino Veronese,Veneto,45.76233329999999,11.690976
Vintl,Trentino-South Tyrol,46.4336662,11.1693296
Soverato,Calabria,39.3087714,16.3463791
Perignano,Tuscany,43.5671153,10.9807003
Empoli,Tuscany,43.5671153,10.9807003
Cala Gonone,Sardinia,40.1208752,9.012892599999999
Bagheria,Sicily,37.3979297,14.6587821
Paraggi,Liguria,44.419658,8.528161299999999
Scorrano,Puglia,40.7928393,17.1011931
Lavariano,Friuli-Venezia Giulia,46.2259177,13.1033646
Vietri sul Mare,Campania,41.1125078,14.8454619
Avezzano,Abruzzo,42.1920119,13.7289167
Porcia,Friuli-Venezia Giulia,46.2259177,13.1033646
Crevalcore,Emilia-Romagna,44.5967607,11.2186396
Sant'Antonio Abate,Campania,41.1125078,14.8454619
Treviglio,Lombardy,45.47906709999999,9.8452433
Sciacca,Sicily,37.3979297,14.6587821
Gudon,Trentino-South Tyrol,46.4336662,11.1693296
Malnate,Lombardy,45.47906709999999,9.8452433
Borgo Vercelli,Piedmont,45.0522366,7.5153885
Loc. Cordevigo,Veneto,45.76233329999999,11.690976
Cavaion Veronese,Veneto,45.76233329999999,11.690976
Albignasego,Veneto,45.76233329999999,11.690976
Ambivere,Lombardy,45.47906709999999,9.8452433
Lughetto,Veneto,45.76233329999999,11.690976
Via Tragara 57,Campania,41.1125078,14.8454619
Mese,Lombardy,45.47906709999999,9.8452433
San Nicola Manfredi,Campania,41.1125078,14.8454619
Pella,Piedmont,45.0522366,7.5153885
Macchie,Umbria,42.938004,12.6216211
Bianzone,Lombardia,45.47906709999999,9.8452433
Torrita di Siena,Tuscany,43.5671153,10.9807003
Aversa,Campania,41.1125078,14.8454619
Aprica,Lombardy,45.47906709999999,9.8452433
Fiesole,Tuscany,43.5671153,10.9807003
Montegridolfo,Emilia-Romagna,44.5967607,11.2186396
Acqualagna,Marche,43.462735,13.3587288
Altissimo,Veneto,45.76233329999999,11.690976
Marne,Lombardy,45.47906709999999,9.8452433
Pinzolo,Trentino-South Tyrol,46.4336662,11.1693296
Marano di Valpolicella,Veneto,45.76233329999999,11.690976
Carona,Lombardy,45.47906709999999,9.8452433
Bacoli,Campania,41.1125078,14.8454619
San Teodoro,Sardegna,40.1208752,9.012892599999999
Cologne,Lombardy,45.47906709999999,9.8452433
San Piero in Bagno,Emilia-Romagna,44.5967607,11.2186396
Dosson,Veneto,45.76233329999999,11.690976
Soragna,Emilia-Romagna,44.5967607,11.2186396
Poggibonsi,Tuscany,43.5671153,10.9807003
Trequanda,Tuscany,43.5671153,10.9807003
Lecco,Lombardy,45.47906709999999,9.8452433
Taranto,Apulia,40.7928393,17.1011931
Vodo di Cadore,Veneto,45.76233329999999,11.690976
San Paolo d'Argon,Lombardy,45.47906709999999,9.8452433
Todi,Umbria,42.938004,12.6216211
San Pellegrino,Lombardy,45.47906709999999,9.8452433
Mercato San Severino,Campania,41.1125078,14.8454619
Vercelli,Piedmont,45.0522366,7.5153885
Soiano del Lago,Lombardy,45.47906709999999,9.8452433
Capriate San Gervasio,Lombardy,45.47906709999999,9.8452433
Chieri,Piedmont,45.0522366,7.5153885
Afragola,Campania,41.1125078,14.8454619
Torrechiara,Emilia-Romagna,44.5967607,11.2186396
Arcugnano,Veneto,45.76233329999999,11.690976
Cormons,Friuli-Venezia Giulia,46.2259177,13.1033646
Aprilia,Lazio,41.6552418,12.989615
Ancona,Marche,43.462735,13.3587288
Badia di Dulzago,Piemonte,45.0522366,7.5153885
Acri,Calabria,39.3087714,16.3463791
Barbaresco,Piedmont,45.0522366,7.5153885
San Pancrazio,Trentino-South Tyrol,46.4336662,11.1693296
Le Ferriere,Lazio,41.6552418,12.989615
Vicomero di Torrile,Emilia-Romagna,44.5967607,11.2186396
Burano,Veneto,45.76233329999999,11.690976
Cutigliano,Tuscany,43.5671153,10.9807003
Nocera Superiore,Campania,41.1125078,14.8454619
Castelnovo di Baganzola,Emilia-Romagna,44.5967607,11.2186396
Domodossola,Piedmont,45.0522366,7.5153885
Milano Marittima,Emilia-Romagna,44.5967607,11.2186396
Nerviano,Lombardy,45.47906709999999,9.8452433
San Desiderio,Liguria,44.419658,8.528161299999999
Fossò,Veneto,45.76233329999999,11.690976
Lucarelli,Tuscany,43.5671153,10.9807003
Isera,Trentino-South Tyrol,46.4336662,11.1693296
San Casciano dei Bagni,Toscana,43.5671153,10.9807003
Senago,Lombardy,45.47906709999999,9.8452433
Cava de' Tirreni,Campania,41.1125078,14.8454619
Pieve d'Alpago,Veneto,45.76233329999999,11.690976
Ponza,Lazio,41.6552418,12.989615
Laveno,Lombardy,45.47906709999999,9.8452433
Rablà,Trentino-South Tyrol,46.4336662,11.1693296
Imperia,Liguria,44.419658,8.528161299999999
Revine,Veneto,45.76233329999999,11.690976
Montemerano,Tuscany,43.5671153,10.9807003
Malfa,Sicily,37.3979297,14.6587821
Messina,Sicily,37.3979297,14.6587821
Riva di Solto,Lombardy,45.47906709999999,9.8452433
Sclafani Bagni,Sicilia,37.3979297,14.6587821
Finale Emilia,Emilia-Romagna,44.5967607,11.2186396
San Polo di Piave,Veneto,45.76233329999999,11.690976
Dovera,Lombardy,45.47906709999999,9.8452433
Barco,Emilia-Romagna,44.5967607,11.2186396
Stradella,Lombardy,45.47906709999999,9.8452433
Levanto,Liguria,44.419658,8.528161299999999
Céres,Piedmont,45.0522366,7.5153885
Porto Torres,Sardinia,40.1208752,9.012892599999999
Lallio,Lombardy,45.47906709999999,9.8452433
Chieti,Abruzzo,42.1920119,13.7289167
Marzamemi,Sicily,37.3979297,14.6587821
Cercemaggiore,Molise,41.67388649999999,14.7520939
Noli,Liguria,44.419658,8.528161299999999
Urbino,Marche,43.462735,13.3587288
Madesimo,Lombardy,45.47906709999999,9.8452433
San Martino di Castrozza,Trentino-South Tyrol,46.4336662,11.1693296
Settequerce,Trentino-South Tyrol,46.4336662,11.1693296
Pfalzen,Trentino-Alto Adige,46.4336662,11.1693296
Cetona,Tuscany,43.5671153,10.9807003
Dogliani,Piedmont,45.0522366,7.5153885
Dolegna del Collio,Friuli-Venezia Giulia,46.2259177,13.1033646
Cassinetta di Lugagnano,Lombardia,45.47906709999999,9.8452433
Boves,Piedmont,45.0522366,7.5153885
Montemagno,Piemonte,45.0522366,7.5153885
Giulianova Lido,Abruzzo,42.1920119,13.7289167
Savelletri,Puglia,40.7928393,17.1011931
Grinzane Cavour,Piedmont,45.0522366,7.5153885
Cureggio,Piedmont,45.0522366,7.5153885
Legnano,Lombardy,45.47906709999999,9.8452433
Gussago,Lombardy,45.47906709999999,9.8452433
Sorni,Trentino-South Tyrol,46.4336662,11.1693296
Serralunga d'Alba,Piemonte,45.0522366,7.5153885
Tregnago,Veneto,45.76233329999999,11.690976
San Leone,Sicilia,37.3979297,14.6587821
Valledoria,Sardegna,40.1208752,9.012892599999999
Montemonaco,Marche,43.462735,13.3587288
Cremona,Lombardy,45.47906709999999,9.8452433
Recco,Liguria,44.419658,8.528161299999999
Vedole,Emilia-Romagna,44.5967607,11.2186396
Mergozzo,Piedmont,45.0522366,7.5153885
San Vincenzo,Tuscany,43.5671153,10.9807003
Montalcino,Tuscany,43.5671153,10.9807003
Ruvo di Puglia,Apulia,40.7928393,17.1011931
Finale Ligure,Liguria,44.419658,8.528161299999999
Barbian,Trentino-Alto Adige,46.4336662,11.1693296
Velo Veronese,Veneto,45.76233329999999,11.690976
Grumello del Monte,Lombardy,45.47906709999999,9.8452433
Fermo,Marche,43.462735,13.3587288
Lusia,Veneto,45.76233329999999,11.690976
Bagnolo,Piedmont,45.0522366,7.5153885
San Vigilio,Trentino-South Tyrol,46.4336662,11.1693296
Pegli,Liguria,44.419658,8.528161299999999
San Giovanni al Natisone,Friuli-Venezia Giulia,46.2259177,13.1033646
Racale,Apulia,40.7928393,17.1011931
Pettenasco,Piedmont,45.0522366,7.5153885
Magliano Sabina,Lazio,41.6552418,12.989615
Lido di Jesolo,Veneto,45.76233329999999,11.690976
Lamporecchio,Tuscany,43.5671153,10.9807003
Monteu Roero,Piedmont,45.0522366,7.5153885
Marlia,Toscana,43.5671153,10.9807003
Vallesaccarda,Campania,41.1125078,14.8454619
Labico,Lazio,41.6552418,12.989615
Villa d'Almè,Lombardy,45.47906709999999,9.8452433
Mazzorbo,Veneto,45.76233329999999,11.690976
Rocella Jonica,Calabria,39.3087714,16.3463791
Besenzone,Emilia-Romagna,44.5967607,11.2186396
Giustino,Trentino-Alto Adige,46.4336662,11.1693296
Marina di Arbus,Sardegna,40.1208752,9.012892599999999
Ghirlanda,Tuscany,43.5671153,10.9807003
Arabba,Veneto,45.76233329999999,11.690976
Cicognolo,Lombardia,45.47906709999999,9.8452433
Arzignano,Veneto,45.76233329999999,11.690976
Rotonda,Basilicata,40.6430766,15.9699878
Como,Lombardy,45.47906709999999,9.8452433
Bettolle,Tuscany,43.5671153,10.9807003
Casale Monferrato,Piedmont,45.0522366,7.5153885
Barbarano Vicentino,Veneto,45.76233329999999,11.690976
Alzano Lombardo,Lombardy,45.47906709999999,9.8452433
Diolo,Emilia-Romagna,44.5967607,11.2186396
Capriata d'Orba,Piedmont,45.0522366,7.5153885
Bodio Lomnago,Lombardy,45.47906709999999,9.8452433
Cardano,Trentino-Alto Adige,46.4336662,11.1693296
Badalucco,Liguria,44.419658,8.528161299999999
San Fermo della Battaglia,Lombardy,45.47906709999999,9.8452433
Cavallino,Apulia,40.7928393,17.1011931
Pontassieve,Tuscany,43.5671153,10.9807003
Palaia,Tuscany,43.5671153,10.9807003
Arzachena,Sardinia,40.1208752,9.012892599999999
Coriano Veronese,Veneto,45.76233329999999,11.690976
Montorio al Vomano,Abruzzo,42.1920119,13.7289167
Semproniano,Tuscany,43.5671153,10.9807003
Albarè di Costermano,Veneto,45.76233329999999,11.690976
Foggia,Apulia,40.7928393,17.1011931
Alberobello,Apulia,40.7928393,17.1011931
Sant'Agostino,Emilia-Romagna,44.5967607,11.2186396
Vasto,Abruzzo,42.1920119,13.7289167
Lamezia Terme,Calabria,39.3087714,16.3463791
Revere,Lombardy,45.47906709999999,9.8452433
Guarene,Piedmont,45.0522366,7.5153885
Altare,Liguria,44.419658,8.528161299999999
Varena,Lombardy,45.47906709999999,9.8452433
Annone Veneto,Veneto,45.76233329999999,11.690976
Ceglie Messapica,Apulia,40.7928393,17.1011931
Sassari,Sardinia,40.1208752,9.012892599999999
Lainate,Lombardy,45.47906709999999,9.8452433
Selva Malvezzi,Emilia-Romagna,44.5967607,11.2186396
Cremolino,Piedmont,45.0522366,7.5153885
Sant' Agnello,Campania,41.1125078,14.8454619
Cavour,Piedmont,45.0522366,7.5153885
Lucera,Apulia,40.7928393,17.1011931
Cividale del Friuli,Friuli-Venezia Giulia,46.2259177,13.1033646
Scala,Campania,41.1125078,14.8454619
Buttrio,Friuli-Venezia Giulia,46.2259177,13.1033646
Sellano,Umbria,42.938004,12.6216211
Troia,Apulia,40.7928393,17.1011931
Conca dei Marini,Campania,41.1125078,14.8454619
Recanati,Marche,43.462735,13.3587288
Castel Giorgio,Umbria,42.938004,12.6216211
Minervino di Lecce,Apulia,40.7928393,17.1011931
Morrano Nuovo,Umbria,42.938004,12.6216211
Località Borgo,Trentino-South Tyrol,46.4336662,11.1693296
Pontinia,Lazio,41.6552418,12.989615
Ragusa,Sicily,37.3979297,14.6587821
Recorfano,Lombardia,45.47906709999999,9.8452433
Udine,Friuli-Venezia Giulia,46.2259177,13.1033646
Maratea,Basilicata,40.6430766,15.9699878
Melfi,Basilicata,40.6430766,15.9699878
Madonna di Senales,Trentino-South Tyrol,46.4336662,11.1693296
Teglio,Lombardy,45.47906709999999,9.8452433
Marina di Pisa,Tuscany,43.5671153,10.9807003
San Donà di Piave,Veneto,45.76233329999999,11.690976
Cavalese,Trentino-South Tyrol,46.4336662,11.1693296
Montemarcello,Liguria,44.419658,8.528161299999999
Bientina,Toscana,43.5671153,10.9807003
Casalgrande,Emilia-Romagna,44.5967607,11.2186396
Cannara,Umbria,42.938004,12.6216211
Cavatore,Piedmont,45.0522366,7.5153885
Cavazzo Carnico,Friuli-Venezia Giulia,46.2259177,13.1033646
Civitella del Lago,Umbria,42.938004,12.6216211
Runate,Lombardy,45.47906709999999,9.8452433
Castelmezzano,Basilicata,40.6430766,15.9699878
Fossombrone,Marche,43.462735,13.3587288
Maglie,Apulia,40.7928393,17.1011931
Agnone,Molise,41.67388649999999,14.7520939
Riva degli Schiavoni 4171,Veneto,45.76233329999999,11.690976
Monte Sant'Angelo,Apulia,40.7928393,17.1011931
Santa Maria Maggiore,Piedmont,45.0522366,7.5153885
Vicopisano,Tuscany,43.5671153,10.9807003
Garbagnate Milanese,Lombardy,45.47906709999999,9.8452433
Lavello,Basilicata,40.6430766,15.9699878
Seregno,Lombardy,45.47906709999999,9.8452433
Gaibana,Emilia-Romagna,44.5967607,11.2186396
Sant'Anna,Tuscany,43.5671153,10.9807003
Casaglia,Tuscany,43.5671153,10.9807003
Fidenza,Emilia-Romagna,44.5967607,11.2186396
Pisciotta,Campania,41.1125078,14.8454619
Galliera Veneta,Veneto,45.76233329999999,11.690976
Contrada Arrigo,Campania,41.1125078,14.8454619
Sorico,Lombardy,45.47906709999999,9.8452433
Isola Sant'Antonio,Piedmont,45.0522366,7.5153885
Piadena,Lombardia,45.47906709999999,9.8452433
Forno di Zoldo,Veneto,45.76233329999999,11.690976
Limito,Lombardy,45.47906709999999,9.8452433
Quarona,Piedmont,45.0522366,7.5153885
Riposto,Sicilia,37.3979297,14.6587821
Linguaglossa,Sicily,37.3979297,14.6587821
Manfredonia,Apulia,40.7928393,17.1011931
Fasano del Garda,Lombardia,45.47906709999999,9.8452433
Vairano Patenora,Campania,41.1125078,14.8454619
Loano,Liguria,44.419658,8.528161299999999
Saint-Vincent,Aosta Valley,45.7388878,7.426186599999999
Valsolda,Lombardia,45.47906709999999,9.8452433
Ladispoli,Lazio,41.6552418,12.989615
Riomaggiore,Liguria,44.419658,8.528161299999999
Quarto,Campania,41.1125078,14.8454619
Ardenza,Toscana,43.5671153,10.9807003
Mutignano,Abruzzo,42.1920119,13.7289167
Pineto,Abruzzo,42.1920119,13.7289167
Grezzana,Veneto,45.76233329999999,11.690976
Lerici,Liguria,44.419658,8.528161299999999
Commezzadura,Trentino-South Tyrol,46.4336662,11.1693296
Olivola,Piemonte,45.0522366,7.5153885
Monselice,Veneto,45.76233329999999,11.690976
Montà,Piedmont,45.0522366,7.5153885
Moniga del Garda,Lombardy,45.47906709999999,9.8452433
Dossobuono,Veneto,45.76233329999999,11.690976
Suvereto,Tuscany,43.5671153,10.9807003
Monfumo,Veneto,45.76233329999999,11.690976
San Giuliano Milanese,Lombardy,45.47906709999999,9.8452433
Limone Piemonte,Piedmont,45.0522366,7.5153885
Spilimbergo,Friuli-Venezia Giulia,46.2259177,13.1033646
Loreto,Marche,43.462735,13.3587288
Pieve di Cento,Emilia-Romagna,44.5967607,11.2186396
Rieti,Lazio,41.6552418,12.989615
Termeno sulla Strada del Vino,Trentino-South Tyrol,46.4336662,11.1693296
Marlengo,Trentino-South Tyrol,46.4336662,11.1693296
Morciano di Romagna,Emilia-Romagna,44.5967607,11.2186396
Jesolo,Veneto,45.76233329999999,11.690976
Trofarello,Piedmont,45.0522366,7.5153885
Guardiagrele,Abruzzo,42.1920119,13.7289167
Barzago,Lombardy,45.47906709999999,9.8452433
Ponte San Pietro,Lombardia,45.47906709999999,9.8452433
Serravalle Langhe,Piedmont,45.0522366,7.5153885
Località Castiglion del Bosco,Toscana,43.5671153,10.9807003
San Genesio Atesino,Trentino-South Tyrol,46.4336662,11.1693296
Varzi,Lombardy,45.47906709999999,9.8452433
Quartiere di Portomaggiore,Emilia-Romagna,44.5967607,11.2186396
Vigevano,Lombardy,45.47906709999999,9.8452433
Pellio Intelvi,Lombardia,45.47906709999999,9.8452433
Ravina,Trentino-Alto Adige,46.4336662,11.1693296
Santa Maria del Monte,Lombardia,45.47906709999999,9.8452433
Randazzo,Sicily,37.3979297,14.6587821
Pigna,Liguria,44.419658,8.528161299999999
Pianiga,Veneto,45.76233329999999,11.690976
Trezzano sul Naviglio,Lombardy,45.47906709999999,9.8452433
Vipiteno,Trentino-South Tyrol,46.4336662,11.1693296
Vibo Valentia Marina,Calabria,39.3087714,16.3463791
Rastignano,Emilia-Romagna,44.5967607,11.2186396
Maranello,Emilia-Romagna,44.5967607,11.2186396
Noventa,Veneto,45.76233329999999,11.690976
Sorisole,Lombardy,45.47906709999999,9.8452433
Giulianova,Abruzzo,42.1920119,13.7289167
Follonica,Tuscany,43.5671153,10.9807003
Lancenigo,Veneto,45.76233329999999,11.690976
Varallo,Piemonte,45.0522366,7.5153885
Cima,Lombardy,45.47906709999999,9.8452433
San Giorgio del Sannio,Campania,41.1125078,14.8454619
Teramo,Abruzzo,42.1920119,13.7289167
Castel San Pietro Terme,Emilia-Romagna,44.5967607,11.2186396
Robbiate,Lombardy,45.47906709999999,9.8452433
Piazza Cavour 24,Lazio,41.6552418,12.989615
Saludecio,Emilia-Romagna,44.5967607,11.2186396
Rapolano Terme,Tuscany,43.5671153,10.9807003
Gardone Riviera,Lombardy,45.47906709999999,9.8452433
Valdieri,Piedmont,45.0522366,7.5153885
Spoltore,Abruzzo,42.1920119,13.7289167
Treia,Marche,43.462735,13.3587288
Seggiano,Tuscany,43.5671153,10.9807003
Pallanza,Piedmont,45.0522366,7.5153885
Augusta,Sicily,37.3979297,14.6587821
Imola,Emilia-Romagna,44.5967607,11.2186396
Olevano Romano,Lazio,41.6552418,12.989615
San Giustino Valdarno,Tuscany,43.5671153,10.9807003
Rapallo,Liguria,44.419658,8.528161299999999
Caltignaga,Piedmont,45.0522366,7.5153885
Montegrosso,Piemonte,45.0522366,7.5153885
Terrasini,Sicily,37.3979297,14.6587821
Chiesa in Valmalenco,Lombardia,45.47906709999999,9.8452433
Cassino,Lazio,41.6552418,12.989615
Gualdo Cattaneo,Umbria,42.938004,12.6216211
Busca,Piedmont,45.0522366,7.5153885
Ascoli Piceno,Marche,43.462735,13.3587288
Laigueglia,Liguria,44.419658,8.528161299999999
Castel Toblino,Trentino-Alto Adige,46.4336662,11.1693296
Cerignola,Apulia,40.7928393,17.1011931
Montallegro,Sicilia,37.3979297,14.6587821
Mandello del Lario,Lombardy,45.47906709999999,9.8452433
Vicenza,Veneto,45.76233329999999,11.690976
Montù Beccaria,Lombardy,45.47906709999999,9.8452433
Monterotondo,Lazio,41.6552418,12.989615
Roncade,Veneto,45.76233329999999,11.690976
Contigliano,Lazio,41.6552418,12.989615
Iseo,Lombardy,45.47906709999999,9.8452433
Lodi,Lombardy,45.47906709999999,9.8452433
Vittorio Veneto,Veneto,45.76233329999999,11.690976
Castagnito d'Alba,Piedmont,45.0522366,7.5153885
Puegnago sul Garda,Lombardy,45.47906709999999,9.8452433
Chies d'Alpago,Veneto,45.76233329999999,11.690976
Quero,Veneto,45.76233329999999,11.690976
Carrù,Piedmont,45.0522366,7.5153885
Torre di Palme,Marche,43.462735,13.3587288
Sirolo,Marche,43.462735,13.3587288
Pieve San Giacomo,Lombardia,45.47906709999999,9.8452433
Numana,Marche,43.462735,13.3587288
San Martino,Trentino-South Tyrol,46.4336662,11.1693296
Drena,Trentino-South Tyrol,46.4336662,11.1693296
Trapani,Sicily,37.3979297,14.6587821
Bigolino,Veneto,45.76233329999999,11.690976
Molini,Piemonte,45.0522366,7.5153885
Fagnano,Lombardia,45.47906709999999,9.8452433
Mercenasco,Piedmont,45.0522366,7.5153885
Erbusco,Lombardy,45.47906709999999,9.8452433
Tirol,Trentino-South Tyrol,46.4336662,11.1693296
Saint Martin in Passeier,Trentino-South Tyrol,46.4336662,11.1693296
Tisens,Trentino-South Tyrol,46.4336662,11.1693296
Vetrego,Veneto,45.76233329999999,11.690976
Velo,Veneto,45.76233329999999,11.690976
Cortina Vecchia,Emilia-Romagna,44.5967607,11.2186396
Reggio Calabria,Calabria,39.3087714,16.3463791
Villa di Chiavenna,Lombardy,45.47906709999999,9.8452433
Aldino,Trentino-South Tyrol,46.4336662,11.1693296
Casole d'Elsa,Tuscany,43.5671153,10.9807003
Via Castelletto Inferiore 69,Trentino-Alto Adige,46.4336662,11.1693296
Cuorgnè,Piedmont,45.0522366,7.5153885
Rivalta Trebbia,Emilia-Romagna,44.5967607,11.2186396
Levico Terme,Trentino-South Tyrol,46.4336662,11.1693296
Santo Stefano Belbo,Piedmont,45.0522366,7.5153885
Villar Dora,Piedmont,45.0522366,7.5153885
Schio,Veneto,45.76233329999999,11.690976
Cerreto Guidi,Tuscany,43.5671153,10.9807003
Noci,Apulia,40.7928393,17.1011931
Peschiera del Garda,Veneto,45.76233329999999,11.690976
Sala Bolognese,Emilia-Romagna,44.5967607,11.2186396
Monteriggioni,Tuscany,43.5671153,10.9807003
Castagnole Piemonte,Piemonte,45.0522366,7.5153885
San Pantaleo,Sardegna,40.1208752,9.012892599999999
L'Aquila,Abruzzo,42.1920119,13.7289167
Albavilla,Lombardy,45.47906709999999,9.8452433
Saronno,Lombardy,45.47906709999999,9.8452433
Robbio,Lombardy,45.47906709999999,9.8452433
San Casciano in Val di Pesa,Tuscany,43.5671153,10.9807003
Via San Giovanni del Toro 28,Campania,41.1125078,14.8454619
Pozzuoli,Campania,41.1125078,14.8454619
Tropea,Calabria,39.3087714,16.3463791
Lido di Savio,Emilia-Romagna,44.5967607,11.2186396
Pollenzo,Piedmont,45.0522366,7.5153885
Brusciano,Campania,41.1125078,14.8454619
Oppeano,Veneto,45.76233329999999,11.690976
Roseto degli Abruzzi,Abruzzo,42.1920119,13.7289167
Rovato,Lombardy,45.47906709999999,9.8452433
Glorenza,Trentino-South Tyrol,46.4336662,11.1693296
Porto Rotondo,Sardinia,40.1208752,9.012892599999999
Peschiera Borromeo,Lombardy,45.47906709999999,9.8452433
Panicale,Umbria,42.938004,12.6216211
Voghera,Lombardy,45.47906709999999,9.8452433
Pennabilli,Emilia-Romagna,44.5967607,11.2186396
Misano Adriatico,Emilia-Romagna,44.5967607,11.2186396
Rivarolo Canavese,Piedmont,45.0522366,7.5153885
Ponte di Legno,Lombardy,45.47906709999999,9.8452433
Sassetta,Toscana,43.5671153,10.9807003
Toceno,Piedmont,45.0522366,7.5153885
Saint-Christophe,Aosta Valley,45.7388878,7.426186599999999
Frisanco,Friuli-Venezia Giulia,46.2259177,13.1033646
Tarquinia,Lazio,41.6552418,12.989615
Anghiari,Tuscany,43.5671153,10.9807003
Castelletto sopra Ticino,Piedmont,45.0522366,7.5153885
Fabbrico,Emilia-Romagna,44.5967607,11.2186396
Montecalvo Versiggia,Lombardy,45.47906709999999,9.8452433
Coriano,Emilia-Romagna,44.5967607,11.2186396
Rivanazzano Terme,Lombardia,45.47906709999999,9.8452433
Mira,Veneto,45.76233329999999,11.690976
Deruta,Umbria,42.938004,12.6216211
Santa Maria di Castellabate,Campania,41.1125078,14.8454619
Formello,Lazio,41.6552418,12.989615
Greve in Chianti,Tuscany,43.5671153,10.9807003
Mortara,Lombardy,45.47906709999999,9.8452433
Squille,Campania,41.1125078,14.8454619
Ticciano,Campania,41.1125078,14.8454619
Lonigo,Veneto,45.76233329999999,11.690976
Caltanissetta,Sicily,37.3979297,14.6587821
Sanluri,Sardinia,40.1208752,9.012892599999999
Pizzo Calabro,Calabria,39.3087714,16.3463791
Marina di Grosseto,Tuscany,43.5671153,10.9807003
Civitavecchia,Lazio,41.6552418,12.989615
San Vito Chietino,Abruzzo,42.1920119,13.7289167
Sarturano,Emilia-Romagna,44.5967607,11.2186396
Torregrotta,Sicily,37.3979297,14.6587821
Blevio,Lombardy,45.47906709999999,9.8452433
Viagrande,Sicilia,37.3979297,14.6587821
Brentonico,Trentino-South Tyrol,46.4336662,11.1693296
Via Giuseppe Garibaldi 280,Sicilia,37.3979297,14.6587821
